id,x_0,x_1,x_2,x_3,x_4,x_5,x_6,x_7,is_developer
69052,0.25,0.25,0.21,0.88,0.16,0.09,0.31,0.16,0.0
89679,0.86,0.08,0.71,0.49,0.44,0.16,0.63,0.05,0.0
69571,0.78,0.81,0.19,0.36,0.18,0.92,0.91,0.65,0.0
34858,0.1,0.74,0.32,0.47,0.06,0.26,0.51,0.86,0.0
57230,0.87,0.05,0.29,0.97,0.11,0.98,0.85,0.74,1.0
99578,0.32,0.54,0.59,0.09,0.9,0.88,0.16,0.05,0.0
63850,0.64,0.96,0.21,0.11,0.11,0.39,0.45,0.15,0.0
67223,0.31,0.33,0.41,0.22,0.12,0.18,0.71,0.89,0.0
39022,0.39,0.55,0.29,0.49,0.28,0.07,0.42,0.77,0.0
72212,0.37,0.34,0.58,0.34,0.8,0.93,0.11,0.76,0.0
17621,0.48,0.58,0.95,0.9,0.94,0.11,0.1,0.76,0.0
50119,0.86,0.29,0.54,0.76,0.0,0.29,0.74,0.24,0.0
38870,0.75,0.11,0.63,0.72,0.87,0.25,0.92,0.77,1.0
53073,0.8,0.16,0.72,0.27,0.18,0.1,0.64,0.56,0.0
76337,0.41,0.62,0.8,0.36,0.23,0.43,0.92,0.93,0.0
27700,0.85,0.66,0.7,0.74,0.35,0.52,0.5,0.21,0.0
9412,0.38,0.49,0.66,0.98,0.45,0.08,0.86,0.27,0.0
36350,0.5,0.13,0.61,0.05,0.32,0.92,0.04,0.64,0.0
3584,0.6,0.64,0.55,0.3,0.89,0.87,0.02,0.16,0.0
66299,0.52,0.37,0.66,0.45,0.18,0.44,0.82,0.84,0.0
71332,0.96,0.23,0.5,0.09,0.87,0.23,0.52,0.37,0.0
1316,0.99,0.02,0.26,0.62,0.77,0.15,0.81,0.67,0.0
37164,0.17,0.22,0.2,0.11,0.43,0.79,0.44,0.05,0.0
7338,0.85,0.7,0.39,0.29,0.81,0.09,0.49,0.45,0.0
30057,0.6,0.06,0.01,0.31,0.95,0.1,0.51,0.87,0.0
15385,0.86,0.8,0.46,0.27,0.74,0.79,0.48,0.33,0.0
90644,0.82,0.74,0.04,0.22,0.4,0.77,0.4,0.02,0.0
49895,0.31,0.09,0.73,0.62,0.03,0.69,0.17,0.27,0.0
33237,0.37,0.81,0.52,0.32,0.78,0.75,0.39,0.23,0.0
70366,0.02,0.56,0.19,0.44,0.42,0.23,0.35,0.69,0.0
16868,0.84,0.87,0.01,0.59,0.76,0.95,0.7,0.01,1.0
13373,0.44,0.28,0.4,0.81,0.17,0.22,0.4,0.44,0.0
36023,0.89,0.98,0.24,0.83,0.22,0.35,0.94,0.3,1.0
45051,0.58,0.92,0.83,0.31,0.89,0.17,0.66,0.58,1.0
89987,0.3,0.61,0.7,0.92,0.11,0.86,0.75,0.86,0.0
98117,0.71,0.26,0.19,0.63,0.74,0.21,0.52,0.83,0.0
72019,0.87,0.45,0.65,0.61,0.03,0.32,0.91,0.37,0.0
56402,0.28,0.24,0.46,0.51,0.1,0.63,0.44,0.31,0.0
56710,0.15,0.32,0.95,0.2,0.41,0.81,0.26,0.22,0.0
20142,0.53,0.87,0.16,0.84,0.67,0.95,0.56,0.28,0.0
52605,0.99,0.63,0.77,0.04,0.75,0.0,0.4,0.03,0.0
42051,0.67,0.16,0.21,0.71,0.39,0.37,0.15,0.99,0.0
63617,0.26,0.17,0.52,0.26,0.0,0.74,0.06,0.99,0.0
9354,0.47,0.43,0.87,0.55,0.93,0.01,0.39,0.99,0.0
82911,0.72,0.43,0.94,0.18,0.95,0.54,0.49,0.36,0.0
34685,0.38,0.54,0.04,0.2,0.86,0.69,0.13,0.58,0.0
43549,0.26,0.79,0.4,0.4,0.07,0.58,0.44,0.4,0.0
54775,0.57,0.7,0.26,0.95,0.55,0.35,0.56,0.76,0.0
57050,0.99,0.88,0.18,0.45,0.42,0.45,0.42,0.0,0.0
89917,0.74,0.96,0.79,0.87,0.56,0.07,0.07,0.79,1.0
21573,0.21,0.5,0.69,0.58,0.43,0.3,0.93,0.69,0.0
44358,0.24,0.11,0.67,0.41,0.75,0.54,0.25,0.43,0.0
46664,0.08,0.15,0.64,0.78,0.44,0.86,0.8,0.91,0.0
40327,0.36,0.92,0.22,0.51,0.22,0.1,0.33,0.58,0.0
19673,0.47,0.91,0.07,0.66,0.12,0.65,0.68,0.24,0.0
69386,0.14,0.89,0.52,0.24,0.12,0.32,0.2,0.68,0.0
71359,0.31,0.86,0.01,0.67,0.42,0.99,0.04,0.21,0.0
61117,0.92,0.96,0.32,0.87,0.89,0.08,0.52,0.28,1.0
71333,0.53,0.16,0.62,0.35,0.5,0.61,0.47,0.54,0.0
4704,0.63,0.19,0.28,0.38,0.06,0.14,0.13,0.06,0.0
67313,0.4,0.15,0.87,0.23,0.05,0.66,0.04,0.26,0.0
63904,0.9,0.29,0.81,0.24,0.41,0.52,0.99,0.38,0.0
4075,0.14,0.58,0.46,0.82,0.29,0.39,0.52,0.51,0.0
27863,0.39,0.62,0.87,0.33,0.26,0.98,0.18,0.02,0.0
58192,0.79,0.05,0.5,0.69,0.93,0.48,0.55,0.75,0.0
14338,0.23,0.35,0.87,0.14,0.14,0.52,0.17,0.16,0.0
12061,0.34,0.6,0.07,0.5,0.67,0.02,0.67,0.13,0.0
12061,0.86,0.34,0.37,0.0,0.09,0.78,0.05,0.9,0.0
36559,0.47,0.84,0.09,0.05,0.22,0.7,0.89,0.52,0.0
85924,0.55,0.95,0.32,0.29,0.86,0.5,0.52,0.72,0.0
22183,0.37,0.84,0.37,0.87,0.37,0.33,0.46,0.21,0.0
99365,0.52,0.15,0.57,0.32,0.33,0.41,0.48,0.0,0.0
79779,0.5,0.07,0.81,0.45,0.31,0.3,0.8,0.05,0.0
70194,0.62,0.9,0.73,0.03,0.55,0.85,0.27,0.79,0.0
97448,0.43,0.22,0.89,0.0,0.1,0.43,0.53,0.17,0.0
37048,0.62,0.19,0.01,0.51,0.21,0.96,0.25,0.04,0.0
24008,0.39,0.79,0.3,0.51,0.95,0.0,0.83,0.84,0.0
9785,0.5,0.91,0.26,0.54,0.32,0.61,0.06,0.11,0.0
78880,0.59,0.42,0.38,0.78,0.97,0.28,0.49,0.51,0.0
23958,0.04,0.57,0.21,0.03,0.23,0.52,0.67,0.58,0.0
16863,0.52,0.77,0.51,0.29,0.32,0.24,0.85,0.78,0.0
15682,0.72,0.36,0.13,0.85,0.6,0.14,0.63,0.59,0.0
41636,0.09,0.25,0.11,0.14,0.66,0.75,0.24,0.99,0.0
42856,0.11,0.59,0.44,0.07,0.56,0.2,0.2,0.87,0.0
22900,0.38,0.26,0.6,0.93,0.3,0.0,0.12,0.79,0.0
67757,0.15,0.86,0.48,0.27,0.34,0.62,0.34,0.73,0.0
69903,0.58,0.07,0.02,0.37,0.8,0.39,0.66,0.91,1.0
37317,0.94,0.08,0.58,0.71,0.25,0.22,0.34,0.78,0.0
12254,0.83,0.35,0.89,0.52,0.85,0.87,0.92,0.92,1.0
21164,0.41,0.82,0.91,0.08,0.08,0.94,0.58,0.87,0.0
4114,0.31,0.89,0.67,0.52,0.57,0.17,0.39,0.35,0.0
51678,0.19,0.68,0.73,0.06,0.21,0.08,0.94,0.47,0.0
49631,0.35,0.99,0.06,0.84,0.63,0.92,0.99,0.76,1.0
53530,0.1,0.95,0.18,0.26,0.4,0.93,0.03,0.17,0.0
21867,0.7,0.06,0.82,0.38,0.02,0.87,0.68,0.83,1.0
78537,0.66,0.54,0.72,0.74,0.77,0.73,0.66,0.55,1.0
4011,0.23,0.84,0.9,0.24,0.69,0.17,0.65,0.82,0.0
73048,0.11,0.58,0.5,0.64,0.32,0.53,0.15,0.33,0.0
81811,0.34,0.73,0.03,0.29,0.46,0.74,0.81,0.02,0.0
80038,0.82,0.74,0.1,0.48,0.09,0.01,0.84,0.67,0.0
32485,0.92,0.46,0.78,0.35,0.25,0.65,0.34,0.06,0.0
65412,0.08,0.05,0.79,0.39,0.15,0.82,0.52,0.75,0.0
62513,0.37,0.32,0.85,0.79,0.11,0.26,0.67,0.18,0.0
19952,0.42,0.65,0.69,0.75,0.52,0.35,0.31,0.97,0.0
45411,0.4,0.95,0.56,0.94,0.81,0.49,0.3,0.31,0.0
83253,0.18,0.49,0.98,0.82,0.29,0.19,0.45,0.57,0.0
77420,0.44,0.6,0.42,0.62,0.04,0.22,0.91,0.54,0.0
51139,0.48,0.94,0.66,0.55,0.56,0.66,0.95,0.18,0.0
96628,0.56,0.12,0.81,0.65,0.19,0.91,0.8,0.09,1.0
33943,0.03,0.67,0.71,0.34,0.37,0.95,0.41,0.12,0.0
33118,0.79,0.5,0.58,0.92,0.5,0.4,0.26,0.21,0.0
53126,0.7,0.18,0.85,0.7,0.74,0.19,0.02,0.21,1.0
45592,0.33,0.87,0.36,0.78,0.22,0.57,0.78,0.48,0.0
94271,0.88,0.06,0.13,0.7,0.37,0.73,0.17,0.74,0.0
90307,0.03,0.91,0.49,0.7,0.86,0.91,0.82,0.76,1.0
33813,0.25,0.76,0.97,0.87,0.44,0.46,0.77,0.67,0.0
45932,0.83,0.73,0.99,0.48,0.17,0.56,0.86,0.6,0.0
59595,0.53,0.63,0.52,0.65,0.5,0.98,0.06,0.29,0.0
44463,0.93,0.41,0.76,0.85,0.36,0.72,0.34,0.95,1.0
81550,0.34,0.78,0.5,0.46,0.45,0.66,0.57,0.99,0.0
87241,0.24,0.87,0.84,0.02,0.79,0.81,0.73,0.46,1.0
68473,0.57,0.58,0.53,0.81,0.1,0.98,0.23,0.6,0.0
36799,0.81,0.53,0.89,0.06,0.3,0.92,0.95,0.45,1.0
68373,0.71,0.36,0.47,0.21,0.13,0.83,0.77,0.22,0.0
62050,0.9,0.65,0.53,0.79,0.47,0.05,0.37,0.88,0.0
29921,0.85,0.98,0.54,0.19,0.75,0.01,0.1,0.97,1.0
95176,0.84,0.81,0.67,0.35,0.88,0.59,0.36,0.05,0.0
62981,0.95,0.11,0.51,0.33,0.33,0.4,0.77,0.53,0.0
70251,0.7,0.22,0.97,0.02,0.05,0.7,0.67,0.97,1.0
96657,0.28,0.24,0.8,0.9,0.59,0.63,0.66,0.18,0.0
97931,0.83,0.53,0.49,0.82,0.84,0.23,0.68,0.45,1.0
40533,0.59,0.1,0.25,0.69,0.78,0.83,0.19,0.35,0.0
79769,0.34,0.24,0.97,0.64,0.18,0.95,0.1,0.39,0.0
4069,0.25,0.12,0.29,0.54,0.7,0.89,0.85,0.85,0.0
94089,0.41,0.38,0.53,0.38,0.66,0.4,0.22,0.53,0.0
24547,0.53,0.58,0.96,0.32,0.19,0.06,0.42,0.18,0.0
30499,0.57,0.55,0.07,0.86,0.09,0.04,0.38,0.41,0.0
48897,0.95,0.36,0.86,0.83,0.6,0.08,0.43,0.59,0.0
60179,0.75,0.83,0.26,0.53,0.74,0.47,0.02,0.43,0.0
20226,0.64,0.95,0.94,0.93,0.98,0.43,0.57,0.42,1.0
48167,0.74,0.7,0.13,0.02,0.47,0.67,0.27,0.85,0.0
28940,0.1,0.86,0.58,0.34,0.63,0.06,0.81,0.69,0.0
96826,0.07,0.53,0.64,0.01,0.42,0.5,0.28,0.99,0.0
38075,0.26,0.75,0.69,0.37,0.96,0.64,0.25,0.66,0.0
91624,0.78,0.97,0.33,0.58,0.1,0.91,0.11,0.95,1.0
17513,0.63,0.22,0.47,0.87,0.78,0.0,0.49,0.79,0.0
36324,0.24,0.43,0.73,0.69,0.1,0.22,0.43,0.17,0.0
55586,0.82,0.47,0.51,0.21,0.6,0.44,0.38,0.15,0.0
61333,0.27,0.38,0.81,0.63,0.09,0.5,0.14,0.86,0.0
20084,0.02,0.17,0.05,0.65,0.52,0.27,0.16,0.78,0.0
67072,0.3,0.47,0.36,0.2,0.99,0.69,0.91,0.75,0.0
17304,0.73,0.53,0.98,0.58,0.94,0.37,0.77,0.78,1.0
1445,0.02,0.65,0.19,0.89,0.77,0.74,0.41,0.29,0.0
68696,0.76,0.73,0.73,0.39,0.71,0.5,0.15,0.13,0.0
400,0.5,0.56,0.37,0.53,0.05,0.24,0.79,0.08,0.0
23672,0.32,0.3,0.43,0.54,0.14,0.19,0.91,0.78,0.0
9054,0.28,0.3,0.16,0.87,0.84,0.81,0.89,0.9,1.0
63305,0.12,0.7,0.8,0.44,0.74,0.08,0.36,0.87,0.0
24708,0.28,0.23,0.91,0.93,0.22,0.92,0.97,0.92,1.0
53824,0.2,0.01,0.81,0.09,0.14,0.47,0.87,0.51,0.0
59061,0.99,0.58,0.42,0.71,0.98,0.34,0.51,0.5,0.0
12642,0.01,0.01,0.41,0.31,0.02,0.64,0.16,0.32,0.0
55912,0.2,0.9,0.11,0.64,0.76,0.57,0.84,0.66,0.0
23261,0.57,0.29,0.39,0.33,0.98,0.82,0.68,0.46,0.0
44271,0.56,0.05,0.72,0.91,0.5,0.93,0.78,0.75,1.0
51004,0.42,0.97,0.35,0.64,0.49,0.98,0.5,0.3,0.0
11923,0.87,0.12,0.11,0.83,0.02,0.67,0.54,0.11,0.0
83666,0.34,0.96,0.15,0.47,0.75,0.62,0.17,0.57,0.0
58693,0.13,0.35,0.56,0.46,0.34,0.8,0.92,0.14,0.0
7752,0.65,0.8,0.75,0.19,0.69,0.0,0.34,0.31,0.0
80831,0.64,0.64,0.94,0.56,0.83,0.58,0.31,0.02,0.0
998,0.91,0.0,0.82,0.15,0.43,0.83,0.67,0.5,0.0
6629,0.05,0.6,0.56,0.99,0.68,0.12,0.45,0.82,0.0
31051,0.18,0.12,0.89,0.28,0.99,0.83,0.51,0.14,0.0
48888,0.4,0.13,0.92,0.85,0.15,0.62,0.58,0.88,0.0
20617,0.21,0.2,0.2,0.51,0.05,0.14,0.34,0.81,0.0
16053,0.43,0.61,0.51,0.19,0.53,0.06,0.66,0.91,0.0
86357,0.19,0.02,0.73,0.16,0.65,0.79,0.23,0.35,0.0
70029,0.66,0.78,0.01,0.67,0.36,0.68,0.03,0.31,0.0
84931,0.94,0.59,0.94,0.16,0.08,0.3,0.61,0.24,0.0
80114,0.69,0.09,0.22,0.08,0.31,0.78,0.07,0.22,0.0
29118,0.53,0.15,0.17,0.99,0.18,0.35,0.13,0.87,0.0
62467,0.19,0.95,0.36,0.95,0.01,0.36,0.5,0.16,0.0
32473,0.13,0.64,0.03,0.78,0.35,0.91,0.87,0.61,0.0
2454,0.46,0.88,0.36,0.1,0.98,0.7,0.57,0.21,0.0
21469,0.83,0.3,0.72,0.14,0.81,0.71,0.46,0.05,0.0
58601,0.43,0.19,0.1,0.16,0.46,0.35,0.91,0.04,0.0
6939,0.29,0.15,0.4,0.74,0.03,0.33,0.38,0.71,0.0
70488,0.14,0.54,0.95,0.01,0.04,0.08,0.55,0.39,0.0
65349,0.35,0.15,0.38,0.2,0.16,0.95,0.38,0.63,0.0
37126,0.34,0.5,0.84,0.15,0.08,0.01,0.7,0.04,0.0
79598,0.26,0.05,0.08,0.34,0.37,0.26,0.11,0.52,0.0
27533,0.81,0.74,0.94,0.61,0.88,0.42,0.87,0.97,1.0
92638,0.33,0.5,0.18,0.33,0.3,0.66,0.82,0.9,0.0
83693,0.78,0.91,0.5,0.48,0.16,0.28,0.89,0.17,0.0
12594,0.85,0.48,0.87,0.53,0.03,0.04,0.81,0.9,1.0
62571,0.71,0.98,0.84,0.89,0.02,0.76,0.85,0.11,1.0
97692,0.68,0.28,0.96,0.59,0.74,0.75,0.55,0.05,0.0
64946,0.6,0.79,0.94,0.9,0.68,0.72,0.85,0.08,1.0
8305,0.53,0.53,0.88,0.93,0.37,0.39,0.99,0.97,1.0
1486,0.49,0.28,0.26,0.49,0.53,0.48,0.11,0.31,0.0
44736,0.01,0.24,0.52,0.1,0.75,0.99,0.17,0.72,0.0
19798,0.66,0.37,0.54,0.77,0.61,0.5,0.55,0.56,0.0
74757,0.71,0.7,0.7,0.22,0.7,0.11,0.57,0.5,0.0
19283,0.39,0.3,0.24,0.79,0.68,0.26,0.36,0.07,0.0
90985,0.88,0.97,0.3,0.99,0.3,0.05,0.82,0.02,1.0
80253,0.2,0.03,0.31,0.44,0.0,0.49,0.18,0.21,0.0
37476,0.91,0.67,0.12,0.93,0.38,0.09,0.1,0.66,0.0
71617,0.04,0.14,0.93,0.16,0.26,0.35,0.72,0.08,0.0
80214,0.21,0.48,0.17,0.4,0.98,0.3,0.91,0.12,0.0
41409,0.12,0.94,0.54,0.17,0.51,0.53,0.94,0.25,0.0
36362,0.14,0.69,0.01,0.42,0.36,0.08,0.45,0.86,0.0
3751,0.14,0.33,0.38,0.05,0.34,0.76,0.29,0.59,0.0
5979,0.71,0.32,0.58,0.11,0.18,0.38,0.28,0.18,0.0
92191,0.85,0.38,0.2,0.27,0.83,0.47,0.54,0.25,0.0
45891,0.6,0.28,0.38,0.98,0.16,0.23,0.35,0.23,0.0
92672,0.02,0.46,0.91,0.31,0.04,0.76,0.21,0.16,0.0
88124,0.56,0.98,0.21,0.94,0.17,0.13,0.92,0.64,1.0
96622,0.31,0.93,0.41,0.79,0.73,0.66,0.07,0.41,0.0
16467,0.54,0.35,0.83,0.82,0.89,0.31,0.96,0.05,1.0
99955,0.16,0.52,0.98,0.46,0.42,0.9,0.24,0.21,0.0
22666,0.17,0.72,0.78,0.51,0.75,0.53,0.23,0.48,0.0
90768,0.85,0.56,0.82,0.99,0.15,0.5,0.97,0.71,1.0
45987,0.09,0.37,0.85,0.21,0.93,0.24,0.29,0.02,0.0
66070,0.42,0.93,0.08,0.9,0.18,0.25,0.56,0.84,0.0
68696,0.66,0.39,0.06,0.29,0.78,0.18,0.68,0.44,0.0
66624,0.0,0.44,0.09,0.37,0.67,0.27,0.88,0.18,0.0
27433,0.34,0.3,0.74,0.45,0.87,0.36,0.77,0.01,0.0
35346,0.03,0.19,0.21,0.15,0.09,0.38,0.07,0.78,0.0
41915,0.5,0.85,0.38,0.98,0.87,0.84,0.32,0.83,1.0
4075,0.65,0.03,0.15,0.9,0.31,0.54,0.72,0.51,0.0
18580,0.54,0.84,0.56,0.21,0.7,0.56,0.53,0.21,0.0
51426,0.44,0.8,0.06,0.71,0.74,0.37,0.77,0.6,0.0
39740,0.41,0.24,0.78,0.87,0.59,0.41,0.3,0.54,0.0
52922,0.21,0.64,0.81,0.16,0.7,0.77,0.45,0.09,0.0
75763,0.42,0.49,0.53,0.23,0.01,0.89,0.99,0.85,0.0
28020,0.34,0.45,0.54,0.4,0.69,0.89,0.84,0.61,0.0
52826,0.43,0.6,0.03,0.11,0.58,0.32,0.38,0.65,0.0
29677,0.44,0.91,0.75,0.38,0.3,0.1,0.02,0.17,0.0
13184,0.28,0.22,0.2,0.62,0.3,0.83,0.2,0.57,0.0
99601,0.94,0.8,0.08,0.5,0.87,0.89,0.17,0.1,0.0
44576,0.53,0.8,0.14,0.29,0.02,0.81,0.0,0.04,0.0
45796,0.55,0.53,0.11,0.19,0.58,0.88,0.92,0.34,0.0
32526,0.65,0.13,0.72,0.62,0.83,0.39,0.85,0.24,0.0
1241,0.09,0.51,0.29,0.47,0.74,0.52,0.81,0.93,0.0
7359,0.35,0.65,0.28,0.3,0.14,0.47,0.77,0.32,0.0
34038,0.73,0.68,0.34,0.66,0.8,0.57,0.53,0.95,1.0
94443,0.87,0.11,0.13,0.59,0.33,0.82,0.88,0.51,0.0
96967,0.52,0.42,0.19,0.59,0.93,0.92,0.09,0.8,0.0
93577,0.68,0.72,0.04,0.74,0.21,0.32,0.48,0.46,0.0
31555,0.74,0.86,0.45,0.07,0.38,0.2,0.83,0.23,0.0
59731,0.72,0.53,0.47,0.8,0.61,0.99,0.71,0.06,1.0
92467,0.73,0.41,0.21,0.67,0.31,0.39,0.71,0.94,1.0
94699,0.22,0.39,0.77,0.93,0.86,0.71,0.71,0.03,1.0
54854,0.23,0.9,0.59,0.8,0.59,0.2,0.55,0.74,0.0
46835,0.45,0.99,0.44,0.05,0.02,0.65,0.06,0.23,0.0
31030,0.74,0.23,0.48,0.57,0.81,0.4,0.38,0.45,0.0
77095,0.39,0.11,0.93,0.22,0.87,0.85,0.38,0.22,0.0
12996,0.26,0.02,0.22,0.16,0.96,0.15,0.39,0.49,0.0
42998,0.72,0.6,0.87,0.61,0.35,0.66,0.55,0.07,0.0
41799,0.79,0.27,0.94,0.55,0.23,0.01,0.97,0.72,0.0
66314,0.77,0.96,0.27,0.61,0.7,0.49,0.78,0.08,1.0
41089,0.44,0.36,0.36,0.89,0.47,0.17,0.55,0.77,0.0
41039,0.68,0.69,0.36,0.08,0.66,0.05,0.31,0.23,0.0
19652,0.38,0.36,0.94,0.76,0.04,0.9,0.53,0.77,0.0
75984,0.22,0.29,0.39,0.91,0.77,0.26,0.99,0.54,0.0
21009,0.74,0.33,0.6,0.86,0.64,0.01,0.01,0.05,0.0
26210,0.59,0.76,0.19,0.64,0.94,0.87,0.17,0.91,0.0
50284,0.38,0.17,0.63,0.88,0.98,0.61,0.44,0.79,0.0
82737,0.19,0.59,0.72,0.68,0.8,0.73,0.83,0.81,1.0
29259,0.76,0.48,0.02,0.87,0.51,0.01,0.9,0.05,0.0
28113,0.16,0.91,0.2,0.14,0.94,0.14,0.3,0.3,0.0
969,0.36,0.07,0.59,0.84,0.93,0.73,0.22,0.04,0.0
50055,0.71,0.37,0.36,0.32,0.04,0.76,0.11,0.33,0.0
51865,0.9,0.95,0.53,0.2,0.39,0.66,0.86,0.24,0.0
38336,0.08,0.67,0.92,0.07,0.67,0.57,0.39,0.94,0.0
12715,0.39,0.82,0.83,0.98,0.15,0.78,0.82,0.48,0.0
58079,0.1,0.67,0.49,0.7,0.96,0.7,0.4,0.64,0.0
90412,0.13,0.16,0.11,0.33,0.05,0.91,0.33,0.97,0.0
54341,0.78,0.75,0.02,0.77,0.03,0.44,0.18,0.03,0.0
7310,0.59,0.91,0.64,0.99,0.49,0.79,0.85,0.38,1.0
16537,0.92,0.64,0.81,0.15,0.33,0.63,0.71,0.04,0.0
11148,0.25,0.9,0.64,0.52,0.25,0.71,0.68,0.55,0.0
27408,0.14,0.38,0.13,0.41,0.36,0.96,0.29,0.15,0.0
65053,0.3,0.6,0.79,0.27,0.93,0.27,0.05,0.54,0.0
37950,0.51,0.58,0.14,0.26,0.05,0.72,0.75,0.16,0.0
60589,0.1,0.0,0.24,0.38,0.46,0.02,0.67,0.83,0.0
17425,0.09,0.29,0.5,0.51,0.97,0.95,0.7,0.04,0.0
91695,0.99,0.64,0.47,0.46,0.61,0.66,0.57,0.5,0.0
20572,0.71,0.54,0.08,0.05,0.88,0.65,0.71,0.72,0.0
45373,0.09,0.8,0.18,0.92,0.28,0.48,0.92,0.22,0.0
29067,0.64,0.42,0.79,0.97,0.86,0.91,0.93,0.99,1.0
66031,0.44,0.18,0.33,0.73,0.84,0.67,0.38,0.54,0.0
63968,0.13,0.41,0.44,0.68,0.61,0.07,0.68,0.07,0.0
31224,0.1,0.13,0.51,0.5,0.57,0.46,0.33,0.05,0.0
45653,0.93,0.32,0.18,0.25,0.43,0.92,0.31,0.25,0.0
95801,0.03,0.68,0.54,0.57,0.44,0.68,0.9,0.93,0.0
42192,0.61,0.3,0.69,0.9,0.44,0.7,0.57,0.14,0.0
80734,0.4,0.18,0.91,0.26,0.81,0.02,0.71,0.28,0.0
10217,0.43,0.68,0.46,0.54,0.29,0.04,0.07,0.92,0.0
92928,0.25,0.01,0.45,0.08,0.59,0.34,0.12,0.61,0.0
45859,0.06,0.0,0.91,0.26,0.93,0.39,0.18,0.88,0.0
41852,0.16,0.95,0.35,0.19,0.7,0.71,0.79,0.05,0.0
87115,0.3,0.28,0.47,0.26,0.6,0.67,0.92,0.41,0.0
43692,0.7,0.95,0.26,0.26,0.43,0.95,0.09,0.91,1.0
71583,0.67,0.71,0.84,0.92,0.77,0.54,0.2,0.77,1.0
77286,0.78,0.3,0.12,0.73,0.52,0.47,0.15,0.05,0.0
29654,0.61,0.14,0.41,0.02,0.18,0.28,0.02,0.76,0.0
54145,0.76,0.43,0.04,0.69,0.05,0.5,0.69,0.97,1.0
99727,0.51,0.56,0.51,0.93,0.06,0.04,0.22,0.16,0.0
60486,0.9,0.84,0.96,0.05,0.81,0.91,0.38,0.84,1.0
1925,0.13,0.06,0.87,0.23,0.73,0.72,0.54,0.33,0.0
78938,0.23,0.27,0.67,0.81,0.65,0.57,0.57,0.94,0.0
50111,0.82,0.51,0.53,0.6,0.72,0.44,0.65,0.2,0.0
1358,0.51,0.5,0.08,0.53,0.7,0.97,0.28,0.75,0.0
48380,0.4,0.66,0.57,0.33,0.37,0.86,0.56,0.34,0.0
90259,0.79,0.06,0.02,0.08,0.02,0.43,0.09,0.39,0.0
25397,0.36,0.14,0.71,0.43,0.0,0.04,0.45,0.38,0.0
27624,0.07,0.9,0.9,0.61,0.82,0.72,0.78,0.78,1.0
24691,0.02,0.13,0.17,0.14,0.65,0.16,0.92,0.5,0.0
98822,0.99,0.0,0.16,0.46,0.17,0.8,0.37,0.73,0.0
78252,0.96,0.72,0.14,0.02,0.62,0.63,0.73,0.03,0.0
46958,0.56,0.9,0.64,0.82,0.72,0.58,0.22,0.69,1.0
79199,0.13,0.36,0.82,0.29,0.39,0.41,0.46,0.33,0.0
50125,0.46,0.65,0.13,0.39,0.64,0.38,0.75,0.87,0.0
5615,0.81,0.19,0.88,0.88,0.58,0.82,0.9,0.09,1.0
48342,0.95,0.36,0.62,0.09,0.24,0.76,0.91,0.19,0.0
27836,0.11,0.33,0.76,0.28,0.55,0.55,0.0,0.65,0.0
83173,0.39,0.29,0.97,0.92,0.09,0.34,0.77,0.62,0.0
94320,0.16,0.63,0.84,0.71,0.08,0.32,0.72,0.12,0.0
25924,0.07,0.57,0.33,0.81,0.18,0.7,0.31,0.03,0.0
68889,0.25,0.8,0.51,0.17,0.96,0.16,0.57,0.49,0.0
59059,0.13,0.49,0.21,0.84,0.24,0.41,0.17,0.83,0.0
31076,0.3,0.56,0.82,0.38,0.55,0.31,0.42,0.34,0.0
48515,0.52,0.73,0.78,0.3,0.52,0.55,0.09,0.64,0.0
41281,0.51,0.56,0.91,0.81,0.1,0.49,0.35,0.13,0.0
77024,0.04,0.24,0.38,0.96,0.47,0.58,0.06,0.75,0.0
35261,0.78,0.83,0.33,0.51,0.17,0.21,0.86,0.27,0.0
72078,0.13,0.76,0.51,0.41,0.98,0.78,0.55,0.91,0.0
78563,0.98,0.47,0.62,0.92,0.13,0.35,0.09,0.31,0.0
83199,0.84,0.18,0.67,0.22,0.52,0.28,0.01,0.59,0.0
88355,0.71,0.61,0.24,0.74,0.66,0.64,0.05,0.52,0.0
6664,0.12,0.06,0.32,0.12,0.29,0.47,0.69,0.88,0.0
45119,0.51,0.5,0.06,0.09,0.4,0.59,0.48,0.42,0.0
39983,0.6,0.85,0.07,0.2,0.53,0.65,0.37,0.84,0.0
21806,0.55,0.89,0.47,0.86,0.47,0.05,0.98,0.08,1.0
96939,0.85,0.17,0.01,0.15,0.24,0.35,0.61,0.44,0.0
83918,0.18,0.2,0.5,0.6,0.87,0.81,0.22,0.58,0.0
26267,0.67,0.99,0.64,0.08,0.25,0.33,0.99,0.71,0.0
23076,0.8,0.76,0.3,0.3,0.79,0.28,0.31,0.62,0.0
42300,0.75,0.03,0.87,0.73,0.19,0.79,0.24,0.46,0.0
36172,0.56,0.66,0.11,0.82,0.62,0.65,0.01,0.11,0.0
80095,0.28,0.67,0.96,0.16,0.58,0.37,0.1,0.18,0.0
99404,0.97,0.38,0.43,0.29,0.44,0.23,0.62,0.49,0.0
68349,0.12,0.41,0.49,0.5,0.7,0.44,0.68,0.07,0.0
74627,0.03,0.89,0.39,0.21,0.21,0.26,0.01,0.26,0.0
8229,0.28,0.88,0.61,0.83,0.64,0.4,0.59,0.35,0.0
75916,0.61,0.32,0.77,0.55,0.2,0.53,0.0,0.65,0.0
49212,0.63,0.75,0.63,0.5,0.01,0.71,0.96,0.89,0.0
97430,0.74,0.53,0.68,0.54,0.45,0.59,0.8,0.17,0.0
32748,0.58,0.49,0.87,0.32,0.32,0.69,0.82,0.42,0.0
94756,0.04,0.65,0.58,0.87,0.54,0.1,0.27,0.19,0.0
75753,0.28,0.53,0.43,0.91,0.35,0.99,0.21,0.96,0.0
38184,0.13,0.21,0.12,0.25,0.93,0.63,0.47,0.62,0.0
34985,0.02,0.31,0.11,0.64,0.97,0.96,0.5,0.13,0.0
73031,0.31,0.23,0.38,0.07,0.96,0.28,0.51,0.29,0.0
3941,0.91,0.95,0.24,0.8,0.92,0.29,0.24,0.82,1.0
63145,0.35,0.75,0.79,0.36,0.79,0.85,0.1,0.64,0.0
31015,0.26,0.94,0.78,0.51,0.22,0.67,0.63,0.96,0.0
23731,0.66,0.36,0.79,0.38,0.91,0.07,0.79,0.16,1.0
2453,0.7,0.56,0.47,0.69,0.37,0.57,0.66,0.73,0.0
53052,0.47,0.41,0.12,0.11,0.87,0.14,0.3,0.03,0.0
98890,0.38,0.61,0.74,0.31,0.17,0.92,0.86,0.22,0.0
11982,0.29,0.82,0.57,0.13,0.02,0.18,0.36,0.46,0.0
1205,0.54,0.75,0.19,0.4,0.32,0.59,0.26,0.52,0.0
96295,0.21,0.22,0.89,0.83,0.02,0.57,0.11,0.86,0.0
83441,0.11,0.37,0.16,0.04,0.49,0.59,0.85,0.07,0.0
31100,0.2,0.52,0.63,0.09,0.78,0.16,0.01,0.03,0.0
67976,0.3,0.43,0.32,0.77,0.49,0.44,0.82,0.71,0.0
70136,0.81,0.97,0.12,0.3,0.29,0.01,0.3,0.2,0.0
81657,0.59,0.7,0.22,0.65,0.77,0.18,0.64,0.38,1.0
32928,0.63,0.54,0.4,0.89,0.3,0.95,0.57,0.72,0.0
15021,0.68,0.73,0.77,0.91,0.04,0.05,0.08,0.6,0.0
24015,0.23,0.37,0.5,0.0,0.0,0.65,0.2,0.48,0.0
44573,0.92,0.89,0.38,0.68,0.16,0.38,0.36,0.75,0.0
95822,0.62,0.64,0.79,0.89,0.03,0.8,0.22,0.84,1.0
87437,0.92,0.99,0.49,0.59,0.51,0.4,0.65,0.66,0.0
53613,0.82,0.5,0.1,0.64,0.53,0.28,0.36,0.81,0.0
12635,0.07,0.86,0.07,0.1,0.54,0.47,0.43,0.34,0.0
33130,0.99,0.18,0.05,0.07,0.42,0.76,0.59,0.2,0.0
34161,0.05,0.03,0.85,0.57,0.39,0.11,0.97,0.68,0.0
96377,0.52,0.82,0.84,0.54,0.81,0.83,0.23,0.46,0.0
99634,0.97,0.05,0.25,0.78,0.37,0.76,0.1,0.94,0.0
74593,0.86,0.76,0.01,0.5,0.5,0.94,0.56,0.11,0.0
98704,0.7,0.07,0.44,0.91,0.64,0.42,0.22,0.8,0.0
5962,0.95,0.91,0.25,0.09,0.33,0.1,0.82,0.98,1.0
21095,0.37,0.56,0.5,0.11,0.75,0.96,0.15,0.52,0.0
58497,0.38,0.13,0.47,0.36,0.1,0.74,0.09,0.55,0.0
11109,0.67,0.48,0.55,0.05,0.99,0.81,0.47,0.64,0.0
74997,0.98,0.61,0.87,0.46,0.28,0.79,0.58,0.04,0.0
22982,0.36,0.89,0.71,0.9,0.91,0.41,0.91,0.49,1.0
12727,0.84,0.03,0.83,0.64,0.0,0.53,0.97,0.34,0.0
38591,0.1,0.11,0.11,0.48,0.73,0.7,0.48,0.54,0.0
2484,0.14,0.97,0.94,0.36,0.18,0.34,0.04,0.75,0.0
51429,0.35,0.03,0.99,0.93,0.66,0.62,0.49,0.39,0.0
4324,0.54,0.79,0.21,0.54,0.41,0.95,0.28,0.08,0.0
3633,0.34,0.19,0.65,0.59,0.78,0.53,0.21,0.04,0.0
95665,0.71,0.59,0.74,0.58,0.25,0.17,0.76,0.73,0.0
74499,0.62,0.35,0.47,0.58,0.04,0.77,0.4,0.93,0.0
13693,0.99,0.34,0.17,0.28,0.71,0.79,0.79,0.25,0.0
14985,0.63,0.81,0.85,0.16,0.67,0.54,0.71,0.54,0.0
81390,0.04,0.77,0.24,0.94,0.24,0.75,0.23,0.51,0.0
29615,0.75,0.79,0.65,0.67,0.36,0.94,0.07,0.86,1.0
90909,0.94,0.65,0.09,0.23,0.81,0.86,0.73,0.07,0.0
54814,0.19,0.42,0.43,0.21,0.05,0.6,0.51,0.55,0.0
31377,0.31,0.36,0.95,0.75,0.72,0.77,0.22,0.01,0.0
30405,0.26,0.06,0.9,0.67,0.58,0.75,0.83,0.02,0.0
50760,0.91,0.04,0.11,0.78,0.26,0.28,0.87,0.75,0.0
31586,0.44,0.46,0.8,0.09,0.27,0.08,0.1,0.39,0.0
82769,0.19,0.1,0.56,0.96,0.95,0.09,0.22,0.31,0.0
97459,0.47,0.72,0.53,0.36,0.44,0.29,0.1,0.13,0.0
37823,0.72,0.19,0.65,0.67,0.34,0.11,0.7,0.5,0.0
78583,0.47,0.95,0.4,0.86,0.75,0.73,0.46,0.31,0.0
5111,0.63,0.1,0.71,0.09,0.76,0.56,0.66,0.96,1.0
82010,0.78,0.42,0.94,0.04,0.72,0.32,0.27,0.33,0.0
77146,0.64,0.54,0.28,0.39,0.59,0.14,0.53,0.2,0.0
66973,0.46,0.86,0.38,0.33,0.77,0.91,0.44,0.28,0.0
60882,0.92,0.9,0.17,0.23,0.76,0.07,0.0,0.53,0.0
77423,0.54,0.18,0.52,0.62,0.45,0.17,0.69,0.07,0.0
60806,0.66,0.06,0.49,0.19,0.59,0.02,0.49,0.32,0.0
16744,0.06,0.94,0.05,0.69,0.6,0.76,0.23,0.62,0.0
28762,0.15,0.91,0.35,0.35,0.84,0.9,0.27,0.91,0.0
51105,0.43,0.53,0.6,0.73,0.75,0.16,0.06,0.23,0.0
82492,0.01,0.07,0.28,0.7,0.35,0.83,0.41,0.14,0.0
28432,0.6,0.71,0.05,0.99,0.82,0.38,0.13,0.96,1.0
8416,0.73,0.67,0.29,0.19,0.16,0.01,0.11,0.91,0.0
87764,0.18,0.86,0.91,0.52,0.09,0.98,0.25,0.17,0.0
45627,0.33,0.92,0.63,0.62,0.18,0.99,0.35,0.58,0.0
79937,0.71,0.97,0.06,0.71,0.24,0.91,0.25,0.09,1.0
10673,0.53,0.75,0.71,0.78,0.85,0.88,0.5,0.59,0.0
72906,0.43,0.75,0.48,0.37,0.51,0.2,0.04,0.4,0.0
90627,0.34,0.63,0.1,0.52,0.57,0.52,0.29,0.94,0.0
76307,0.47,0.46,0.44,0.39,0.28,0.59,0.48,0.98,0.0
94788,0.51,0.31,0.66,0.98,0.2,0.81,0.79,0.51,0.0
71267,0.7,0.91,0.35,0.88,0.02,0.94,0.13,0.81,1.0
80431,0.21,0.57,0.84,0.28,0.04,0.32,0.81,0.68,0.0
88436,0.64,0.95,0.65,0.44,0.19,0.76,0.73,0.32,0.0
90215,0.63,0.33,0.47,0.32,0.89,0.81,0.62,0.13,0.0
25052,0.66,0.14,0.73,0.76,0.41,0.07,0.98,0.6,0.0
42829,0.11,0.17,0.06,0.3,0.14,0.34,0.15,0.26,0.0
18368,0.81,0.82,0.73,0.21,0.42,0.09,0.08,0.1,0.0
3009,0.41,0.02,0.89,0.79,0.58,0.36,0.83,0.91,1.0
30546,0.79,0.77,0.76,0.61,0.61,0.44,0.08,0.55,0.0
21340,0.78,0.89,0.09,0.23,0.31,0.19,0.66,0.95,1.0
75282,0.8,0.25,0.61,0.53,0.12,0.2,0.79,0.76,0.0
95877,0.49,0.72,0.68,0.5,0.93,0.42,0.77,0.03,0.0
49801,0.83,0.94,0.38,0.17,0.52,0.53,0.1,0.09,0.0
6307,0.44,0.42,0.27,0.67,0.09,0.76,0.31,0.86,0.0
34068,0.87,0.02,0.47,0.38,0.38,0.3,0.69,0.38,0.0
11444,0.23,0.45,0.77,0.01,0.18,0.68,0.78,0.28,0.0
43975,0.29,0.45,0.88,0.69,0.26,0.52,0.28,0.31,0.0
25929,0.36,0.86,0.07,0.8,0.58,0.87,0.06,0.26,0.0
22225,0.06,0.87,0.04,0.81,0.43,0.01,0.28,0.83,0.0
24525,0.91,0.03,0.67,0.6,0.31,0.39,0.64,0.19,0.0
76731,0.62,0.7,0.38,0.8,0.02,0.94,0.75,0.14,1.0
60374,0.95,0.36,0.26,0.44,0.84,0.14,0.55,0.53,0.0
77292,0.45,0.78,0.95,0.45,0.08,0.37,0.06,0.54,0.0
84723,0.75,0.02,0.08,0.32,0.94,0.25,0.91,0.68,0.0
89083,0.64,0.06,0.51,0.91,0.05,0.68,0.58,0.6,0.0
28901,0.79,0.33,0.86,0.83,0.43,0.04,0.76,0.5,1.0
5385,0.76,0.18,0.27,0.62,0.17,0.48,0.63,0.59,0.0
4154,0.23,0.43,0.66,0.49,0.28,0.65,0.78,0.32,0.0
70699,0.89,0.81,0.01,0.05,0.74,0.22,0.75,0.08,0.0
9507,0.91,0.38,0.37,0.37,0.7,0.45,0.16,0.1,0.0
76776,0.66,0.54,0.72,0.03,0.38,0.56,0.42,0.48,0.0
6447,0.99,0.08,0.29,0.08,0.12,0.01,0.57,0.17,0.0
13848,0.53,0.85,0.41,0.06,0.49,0.44,0.25,0.74,0.0
35657,0.51,0.74,0.23,0.48,0.79,0.54,0.09,0.35,0.0
47602,0.39,0.67,0.24,0.48,0.85,0.47,0.89,0.86,0.0
52419,0.24,0.26,0.28,0.9,0.67,0.96,0.37,0.02,0.0
16195,0.0,0.85,0.38,0.15,0.64,0.66,0.07,0.85,0.0
53745,0.04,0.12,0.44,0.79,0.9,0.49,0.67,0.09,0.0
25867,0.42,0.61,0.29,0.99,0.44,0.02,0.68,0.92,0.0
73715,0.48,0.14,0.08,0.23,0.72,0.13,0.11,0.85,0.0
86619,0.08,0.3,0.8,0.92,0.09,0.47,0.38,0.88,0.0
72376,0.25,0.37,0.53,0.47,0.92,0.76,0.93,0.58,0.0
65927,0.51,0.39,0.22,0.46,0.74,0.92,0.47,0.83,0.0
40183,0.07,0.96,0.41,0.7,0.88,0.96,0.59,0.15,1.0
88547,0.75,0.83,0.58,0.05,0.38,0.18,0.34,0.04,0.0
72496,0.12,0.89,0.23,0.34,0.9,0.53,0.18,0.05,0.0
59192,0.29,0.95,0.91,0.7,0.3,0.7,0.92,0.32,1.0
66053,0.68,0.48,0.84,0.45,0.82,0.44,0.04,0.18,0.0
93971,0.81,0.52,0.85,0.8,0.0,0.91,0.1,0.31,1.0
2975,0.51,0.29,0.23,0.53,0.14,0.42,0.17,0.23,0.0
82597,0.41,0.89,0.1,0.47,0.05,0.4,0.93,0.83,0.0
11424,0.66,0.95,0.67,0.24,0.49,0.9,0.57,0.93,0.0
93817,0.01,0.2,0.4,0.72,0.71,0.64,0.0,0.62,0.0
58425,0.84,0.11,0.73,0.01,0.29,0.52,0.9,0.94,0.0
58775,0.56,0.35,0.61,0.03,0.59,0.98,0.33,0.4,0.0
61313,0.04,0.15,0.92,0.23,0.08,0.45,0.39,0.17,0.0
94943,0.05,0.36,0.77,0.23,0.26,0.84,0.13,0.76,0.0
60439,0.16,0.97,0.31,0.83,0.59,0.04,0.11,0.78,0.0
60076,0.35,0.98,0.06,0.74,0.73,0.13,0.74,0.01,1.0
58370,0.92,0.72,0.06,0.18,0.64,0.53,0.71,0.48,0.0
61319,0.84,0.69,0.28,0.26,0.0,0.31,0.42,0.59,0.0
5170,0.24,0.75,0.3,0.11,0.5,0.63,0.83,0.34,0.0
95981,0.85,0.65,0.14,0.84,0.02,0.89,0.95,0.1,0.0
83459,0.35,0.6,0.21,0.06,0.94,0.94,0.21,0.8,0.0
52723,0.32,0.02,0.35,0.62,0.03,0.29,0.95,0.73,0.0
60128,0.61,0.55,0.4,0.84,0.79,0.18,0.15,0.07,0.0
33468,0.44,0.28,0.78,0.33,0.19,0.71,0.72,0.3,0.0
88698,0.14,0.77,0.16,0.29,0.74,0.31,0.1,0.27,0.0
44097,0.25,0.83,0.21,0.96,0.69,0.97,0.04,0.81,0.0
23753,0.25,0.59,0.73,0.41,0.19,0.39,0.75,0.89,0.0
99783,0.0,0.21,0.11,0.66,0.33,0.05,0.33,0.87,0.0
27995,0.09,0.61,0.85,0.22,0.11,0.13,0.7,0.82,0.0
6899,0.66,0.22,0.06,0.46,0.32,0.93,0.79,0.93,1.0
16133,0.28,0.71,0.6,0.39,0.99,0.85,0.37,0.96,0.0
36153,0.94,0.74,0.89,0.13,0.66,0.54,0.31,0.37,0.0
97761,0.36,0.5,0.29,0.12,0.29,0.91,0.08,0.91,0.0
51244,0.5,0.95,0.3,0.45,0.65,0.63,0.49,0.43,0.0
43445,0.74,0.25,0.03,0.11,0.59,0.13,0.17,0.22,0.0
1999,0.73,0.66,0.71,0.72,0.15,0.81,0.57,0.72,0.0
28504,0.67,0.29,0.91,0.97,0.42,0.71,0.5,0.03,0.0
45493,0.19,0.28,0.89,0.86,0.78,0.83,0.62,0.99,1.0
28220,0.56,0.27,0.03,0.71,0.61,0.38,0.64,0.63,0.0
39272,0.96,0.92,0.02,0.92,0.74,0.01,0.59,0.95,1.0
63688,0.24,0.46,0.47,0.96,0.71,0.98,0.43,0.85,1.0
70719,0.44,0.99,0.3,0.32,0.75,0.53,0.43,0.66,0.0
71098,0.94,0.67,0.22,0.74,0.59,0.97,0.75,0.61,1.0
18933,0.69,0.47,0.36,0.69,0.15,0.22,0.16,0.86,0.0
84447,0.81,0.86,0.4,0.31,0.01,0.32,0.01,0.26,0.0
3011,0.29,0.48,0.3,0.73,0.64,0.11,0.38,0.7,0.0
42084,0.91,0.74,0.14,0.65,0.98,0.43,0.41,0.38,0.0
6223,0.98,0.05,0.97,0.57,0.85,0.52,0.99,0.07,1.0
4283,0.81,0.17,0.78,0.1,0.12,0.76,0.5,0.07,0.0
40453,0.68,0.59,0.45,0.01,0.38,0.14,0.62,0.59,0.0
68803,0.47,0.31,0.9,0.25,0.3,0.74,0.88,0.4,0.0
59559,0.31,0.52,0.82,0.72,0.76,0.54,0.69,0.26,1.0
83954,0.55,0.22,0.79,0.02,0.28,0.96,0.98,0.57,1.0
29879,0.14,0.26,0.61,0.28,0.02,0.06,0.92,0.35,0.0
67943,0.86,0.74,0.64,0.18,0.42,0.83,0.09,0.81,0.0
51128,0.7,0.6,0.09,0.76,0.82,0.35,0.06,0.64,0.0
66208,0.53,0.33,0.22,0.38,0.63,0.42,0.74,0.23,0.0
72056,0.15,0.16,0.03,0.32,0.54,0.64,0.67,0.23,0.0
41831,0.1,0.9,0.7,0.3,0.85,0.7,0.99,0.32,0.0
86328,0.66,0.85,0.6,0.95,0.16,0.44,0.87,0.8,1.0
56972,0.26,0.2,0.13,0.73,0.16,0.42,0.71,0.05,0.0
56188,0.64,0.02,0.83,0.35,0.9,0.32,0.2,0.68,0.0
42392,0.84,0.11,0.08,0.32,0.27,0.54,0.57,0.88,0.0
61421,0.47,0.89,0.21,0.03,0.39,0.41,0.9,0.81,0.0
92375,0.31,0.95,0.15,0.64,0.13,0.63,0.65,0.57,0.0
56199,0.24,0.08,0.0,0.59,0.31,0.77,0.5,0.29,0.0
92582,0.17,0.9,0.51,0.59,0.19,0.88,0.65,0.6,0.0
33308,0.79,0.65,0.11,0.97,0.91,0.29,0.65,0.84,1.0
56385,0.45,0.18,0.06,0.39,0.44,0.13,0.13,0.24,0.0
71475,0.43,0.57,0.18,0.33,0.09,0.49,0.01,0.75,0.0
723,0.99,0.67,0.15,0.39,0.34,0.27,0.89,0.91,0.0
24477,0.32,0.14,0.65,0.72,0.4,0.09,0.41,0.35,0.0
20793,0.77,0.4,0.79,0.63,0.56,0.4,0.78,0.55,0.0
46417,0.07,0.91,0.09,0.84,0.58,0.7,0.97,0.8,0.0
86187,0.42,0.85,0.32,0.59,0.08,0.43,0.91,0.42,0.0
26186,0.41,0.77,0.44,0.1,0.95,0.02,0.78,0.67,0.0
640,0.41,0.22,0.17,0.26,0.91,0.53,0.04,0.84,0.0
69899,0.23,0.21,0.18,0.14,0.92,0.91,0.99,0.53,0.0
75201,0.6,0.46,0.58,0.09,0.64,0.32,0.12,0.72,0.0
25461,0.82,0.51,0.91,0.21,0.45,0.31,0.9,0.11,0.0
6714,0.58,0.46,0.84,0.11,0.36,0.94,0.3,0.24,0.0
40135,0.17,0.43,0.83,0.65,0.03,0.04,0.57,0.46,0.0
36522,0.86,0.85,0.84,0.79,0.9,0.98,0.96,0.58,1.0
86552,0.56,0.78,0.95,0.02,0.92,0.46,0.79,0.26,1.0
61939,0.27,0.71,0.95,0.21,0.47,0.43,0.78,0.07,0.0
81800,0.72,0.88,0.98,0.4,0.2,0.17,0.91,0.99,1.0
40275,0.83,0.3,0.06,0.88,0.77,0.98,0.22,0.89,1.0
54055,0.31,0.88,0.8,0.15,0.22,0.96,0.46,0.82,1.0
95817,0.4,0.94,0.09,0.16,0.89,0.48,0.08,0.16,0.0
40078,0.84,0.12,0.36,0.46,0.79,0.62,0.54,0.32,0.0
32641,0.15,0.92,0.78,0.4,0.83,0.75,0.86,0.64,1.0
3810,0.65,0.9,0.52,0.41,0.55,0.32,0.14,0.84,0.0
56122,0.45,0.23,0.32,0.72,0.91,0.06,0.8,0.5,0.0
39388,0.23,0.57,0.78,0.03,0.28,0.55,0.76,0.15,0.0
77124,0.36,0.01,0.03,0.72,0.64,0.6,0.5,0.31,0.0
52999,0.35,0.06,0.14,0.5,0.73,0.09,0.57,0.76,0.0
18188,0.83,0.93,0.93,0.43,0.51,0.23,0.34,0.67,0.0
62042,0.46,0.8,0.51,0.73,0.25,0.6,0.2,0.56,0.0
54136,0.12,0.06,0.36,0.21,0.15,0.54,0.74,0.22,0.0
65251,0.49,0.79,0.63,0.4,0.24,0.26,0.1,0.54,0.0
71381,0.77,0.08,0.4,0.33,0.45,0.74,0.39,0.16,0.0
19024,0.4,0.17,0.29,0.55,0.83,0.63,0.01,0.15,0.0
29721,0.71,0.47,0.73,0.12,0.96,0.82,0.27,0.11,0.0
79272,0.03,0.17,0.85,0.84,0.69,0.87,0.04,0.26,0.0
84519,0.84,0.01,0.07,0.93,0.88,0.68,0.13,0.19,0.0
64499,0.06,0.24,0.96,0.21,0.63,0.06,0.1,0.18,0.0
41410,0.53,0.04,0.55,0.35,0.72,0.33,0.95,0.85,0.0
49082,0.07,0.73,0.33,0.74,0.25,0.51,0.71,0.33,0.0
55289,0.32,0.04,0.07,0.51,0.48,0.37,0.76,0.14,0.0
56796,0.72,0.52,0.56,0.69,0.57,0.49,0.23,0.57,0.0
91682,0.0,0.55,0.01,0.99,0.28,0.83,0.78,0.1,0.0
5187,0.39,0.03,0.16,0.05,0.04,0.17,0.46,0.62,0.0
18259,0.18,0.75,0.87,0.69,0.05,0.86,0.72,0.53,0.0
9043,0.96,0.33,0.18,0.38,0.72,0.37,0.96,0.33,0.0
68155,0.56,0.33,0.6,0.11,0.65,0.55,0.47,0.95,0.0
23334,0.09,0.39,0.18,0.84,0.42,0.02,0.69,0.24,0.0
25751,0.76,0.55,0.2,0.07,0.74,0.0,0.64,0.63,0.0
49354,0.65,0.01,0.08,0.73,0.88,0.11,0.13,0.53,0.0
20792,0.31,0.1,0.96,0.81,0.44,0.89,0.14,0.66,0.0
38448,0.13,0.47,0.07,0.43,0.41,0.64,0.53,0.27,0.0
90825,0.92,0.85,0.15,0.8,0.84,0.1,0.01,0.56,1.0
85701,0.51,0.36,0.75,0.58,0.21,0.19,0.38,0.0,0.0
29193,0.16,0.01,0.06,0.59,0.73,0.14,0.26,0.6,0.0
92841,0.96,0.47,0.7,0.01,0.04,0.45,0.06,0.17,0.0
18874,0.78,0.77,0.69,0.27,0.87,0.64,0.88,0.3,0.0
42519,0.67,0.0,0.54,0.33,0.32,0.62,0.79,0.94,0.0
35710,0.21,0.69,0.69,0.45,0.82,0.38,0.27,0.65,0.0
3754,0.78,0.11,0.52,0.11,0.69,0.98,0.12,0.06,0.0
85814,0.97,0.02,0.82,0.68,0.99,0.4,0.06,0.11,1.0
70503,0.18,0.29,0.88,0.99,0.1,0.47,0.45,0.1,0.0
55709,0.77,0.88,0.89,0.02,0.98,0.31,0.04,0.14,1.0
81032,0.54,0.33,0.18,0.7,0.04,0.86,0.46,0.2,0.0
94119,0.87,0.14,0.61,0.24,0.16,0.67,0.54,0.44,0.0
94385,0.79,0.39,0.3,0.77,0.66,0.02,0.45,0.04,0.0
57250,0.05,0.93,0.31,0.58,0.09,0.75,0.95,0.67,0.0
63438,0.9,0.74,0.51,0.94,0.33,0.83,0.24,0.25,0.0
82021,0.22,0.3,0.92,0.91,0.19,0.33,0.33,0.45,0.0
45224,0.94,0.67,0.51,0.7,0.51,0.47,0.47,0.97,0.0
23154,0.06,0.24,0.51,0.39,0.35,0.07,0.18,0.31,0.0
12521,0.76,0.87,0.98,0.9,0.63,0.16,0.76,0.35,1.0
76765,0.15,0.12,0.37,0.81,0.69,0.77,0.01,0.69,0.0
8889,0.71,0.48,0.34,0.84,0.3,0.05,0.95,0.31,0.0
8538,0.91,0.07,0.93,0.64,0.16,0.49,0.67,0.0,0.0
99388,0.98,0.06,0.68,0.25,0.34,0.27,0.73,0.26,0.0
41915,0.75,0.16,0.23,0.83,0.94,0.65,0.16,0.84,1.0
77002,0.84,0.13,0.63,0.73,0.33,0.47,0.95,0.95,1.0
65610,0.24,0.68,0.62,0.99,0.07,0.16,0.05,0.99,0.0
68179,0.85,0.88,0.06,0.46,0.13,0.74,0.35,0.02,0.0
79412,0.29,0.57,0.83,0.45,0.27,0.41,0.2,0.44,0.0
87745,0.83,0.0,0.78,0.89,0.66,0.09,0.89,0.37,1.0
79241,0.11,0.07,0.2,0.69,0.32,0.12,0.38,0.01,0.0
34932,0.5,0.95,0.5,0.21,0.1,0.77,0.03,0.33,0.0
44371,0.05,0.12,0.66,0.33,0.97,0.27,0.64,0.84,0.0
66273,0.6,0.5,0.04,0.52,0.48,0.28,0.63,0.31,0.0
24021,0.37,0.57,0.96,0.53,0.92,0.16,0.33,0.28,0.0
50513,0.07,0.44,0.71,0.78,0.89,0.62,0.11,0.01,0.0
74016,0.03,0.23,0.21,0.58,0.09,0.4,0.31,0.29,0.0
53295,0.35,0.27,0.67,0.19,0.64,0.33,0.34,0.79,0.0
37946,0.58,0.03,0.68,0.38,0.13,0.04,0.32,0.42,0.0
17722,0.96,0.97,0.87,0.86,0.47,0.29,0.9,0.34,1.0
78792,0.97,0.53,0.5,0.15,0.26,0.38,0.74,0.59,0.0
55410,0.06,0.06,0.53,0.2,0.96,0.43,0.19,0.84,0.0
77707,0.39,0.61,0.74,0.7,0.45,0.06,0.03,0.24,0.0
84111,0.23,0.77,0.45,0.54,0.68,0.19,0.8,0.24,0.0
83756,0.36,0.09,0.38,0.64,0.51,0.78,0.84,0.63,0.0
4408,0.19,0.21,0.73,0.82,0.84,0.55,0.18,0.57,0.0
85249,0.48,0.11,0.18,0.85,0.36,0.12,0.67,0.1,0.0
95283,0.72,0.49,0.52,0.99,0.02,0.22,0.44,0.99,0.0
36745,0.79,0.69,0.8,0.08,0.58,0.4,0.17,0.13,0.0
80885,0.57,0.1,0.27,0.15,0.54,0.13,0.41,0.6,0.0
63695,0.64,0.78,0.09,0.51,0.39,0.68,0.02,0.58,0.0
30875,0.43,0.64,0.0,0.7,0.95,0.23,0.47,0.93,0.0
91584,0.89,0.05,0.63,0.49,0.5,0.26,0.75,0.68,0.0
44998,0.37,0.17,0.19,0.29,0.05,0.24,0.17,0.77,0.0
76830,0.2,0.87,0.67,0.58,0.67,0.37,0.26,0.48,0.0
58629,0.65,0.68,0.83,0.84,0.91,0.68,0.2,0.67,1.0
78820,0.19,0.94,0.71,0.65,0.55,0.86,0.21,0.7,0.0
65683,0.08,0.39,0.69,0.6,0.17,0.17,0.45,0.31,0.0
44972,0.36,0.49,0.07,0.95,0.97,0.15,0.74,0.9,1.0
16997,0.61,0.92,0.32,0.93,0.63,0.74,0.86,0.38,1.0
1245,0.66,0.98,0.67,0.04,0.28,0.6,0.58,0.66,0.0
11442,0.87,0.86,0.19,0.22,0.31,0.77,0.96,0.28,0.0
42875,0.03,0.38,0.79,0.32,0.55,0.26,0.09,0.49,0.0
33818,0.36,0.3,0.57,0.91,0.38,0.74,0.31,0.16,0.0
1949,0.27,0.25,0.8,0.52,0.11,0.33,0.26,0.28,0.0
95560,0.59,0.95,0.56,0.45,0.2,0.61,0.49,0.05,0.0
7960,0.1,0.33,0.46,0.72,0.32,0.63,0.4,0.8,0.0
45087,0.79,0.21,0.79,0.37,0.0,0.0,0.34,0.22,0.0
52126,0.14,0.29,0.39,0.13,0.14,0.02,0.58,0.26,0.0
6218,0.16,0.0,0.12,0.79,0.31,0.04,0.92,0.08,0.0
19115,0.2,0.34,0.22,0.03,0.13,0.51,0.61,0.01,0.0
23132,0.73,0.04,0.88,0.91,0.58,0.25,0.37,0.6,0.0
693,0.7,0.94,0.32,0.41,0.98,0.12,0.25,0.16,0.0
23233,0.37,0.86,0.09,0.08,0.36,0.07,0.88,0.18,0.0
53749,0.77,0.19,0.15,0.01,0.19,0.77,0.7,0.42,0.0
79708,0.94,0.02,0.83,0.81,0.24,0.67,0.32,0.88,1.0
69399,0.75,0.29,0.02,0.61,0.52,0.65,0.62,0.66,0.0
83787,0.37,0.55,0.62,0.12,0.95,0.92,0.19,0.87,0.0
10603,0.96,0.43,0.46,0.93,0.21,0.19,0.29,0.17,0.0
97786,0.47,0.74,0.19,0.12,0.03,0.39,0.34,0.25,0.0
52518,0.51,0.92,0.76,0.77,0.92,0.64,0.38,0.26,1.0
98174,0.29,0.02,0.8,0.04,0.11,0.69,0.55,0.05,0.0
82477,0.21,0.18,0.88,0.42,0.15,0.73,0.01,0.36,0.0
72404,0.76,0.39,0.75,0.85,0.59,0.66,0.34,0.75,0.0
25047,0.9,0.0,0.22,0.92,0.42,0.34,0.9,0.92,1.0
15591,0.78,0.49,0.58,0.74,0.33,0.12,0.85,0.53,0.0
86882,0.12,0.19,0.43,0.11,0.61,0.96,0.46,0.72,0.0
65345,0.76,0.53,0.26,0.72,0.16,0.16,0.34,0.64,0.0
1058,0.43,0.63,0.45,0.31,0.65,0.66,0.75,0.08,0.0
83505,0.3,0.75,0.85,0.86,0.13,0.45,0.72,0.12,0.0
31827,0.31,0.13,0.74,0.13,0.23,0.54,0.13,0.53,0.0
63230,0.76,0.95,0.88,0.73,0.35,0.26,0.32,0.11,1.0
39975,0.47,0.61,0.13,0.99,0.7,0.96,0.26,0.78,0.0
53632,0.88,0.02,0.13,0.44,0.93,0.45,0.4,0.05,0.0
65218,0.86,0.17,0.21,0.5,0.46,0.99,0.59,0.72,0.0
87588,0.84,0.73,0.05,0.82,0.39,0.72,0.62,0.97,0.0
70841,0.3,0.74,0.32,0.71,0.94,0.22,0.63,0.08,0.0
20156,0.17,0.07,0.02,0.08,0.0,0.45,0.16,0.37,0.0
52839,0.08,0.37,0.67,0.84,0.64,0.59,0.3,0.52,0.0
32885,0.51,0.98,0.97,0.41,0.5,0.4,0.73,0.7,0.0
99594,0.75,0.26,0.04,0.72,0.79,0.74,0.63,0.25,0.0
54379,0.49,0.26,0.71,0.18,0.37,0.54,0.74,0.17,0.0
21094,0.83,0.52,0.68,0.44,0.1,0.74,0.07,0.07,0.0
18260,0.93,0.68,0.53,0.79,0.58,0.18,0.9,0.73,0.0
85490,0.14,0.69,0.02,0.62,0.3,0.59,0.16,0.43,0.0
79702,0.31,0.99,0.45,0.91,0.33,0.67,0.42,0.4,0.0
67119,0.29,0.18,0.21,0.42,0.7,0.58,0.62,0.89,0.0
75731,0.3,0.28,0.29,0.94,0.64,0.51,0.9,0.46,0.0
66141,0.2,0.33,0.07,0.27,0.6,0.95,0.65,0.28,0.0
44206,0.45,0.18,0.53,0.05,0.38,0.19,0.61,0.0,0.0
15604,0.11,0.7,0.79,0.9,0.24,0.48,0.09,0.2,0.0
43847,0.14,0.44,0.44,0.11,0.53,0.54,0.67,0.14,0.0
58319,0.05,0.98,0.8,0.81,0.01,0.67,0.55,0.02,0.0
31271,0.25,0.52,0.32,0.22,0.75,0.78,0.24,0.06,0.0
54784,0.91,0.46,0.4,0.41,0.29,0.63,0.37,0.6,0.0
96792,0.2,0.44,0.34,0.75,0.68,0.79,0.87,0.81,0.0
14709,0.3,0.05,0.34,0.28,0.62,0.67,0.55,0.87,0.0
87361,0.09,0.93,0.77,0.91,0.54,0.11,0.61,0.51,0.0
67834,0.34,0.27,0.68,0.66,0.9,0.45,0.86,0.84,1.0
38293,0.61,0.49,0.36,0.96,0.45,0.83,0.97,0.26,0.0
74987,0.07,0.21,0.44,0.27,0.78,0.45,0.23,0.48,0.0
50375,0.61,0.89,0.82,0.44,0.85,0.15,0.15,0.15,1.0
95861,0.73,0.35,0.47,0.39,0.96,0.43,0.15,0.26,0.0
55396,0.19,0.61,0.62,0.97,0.4,0.49,0.35,0.12,0.0
46214,0.05,0.95,0.4,0.81,0.29,0.41,0.36,0.35,0.0
73232,0.44,0.29,0.66,0.13,0.9,0.87,0.88,0.64,0.0
13618,0.4,0.97,0.45,0.48,0.18,0.76,0.4,0.04,0.0
48822,0.66,0.36,0.0,0.99,0.72,0.74,0.08,0.8,0.0
90077,0.41,0.57,0.42,0.41,0.31,0.66,0.38,0.88,0.0
55522,0.52,0.47,0.14,0.58,0.92,0.05,0.91,0.64,0.0
49076,0.37,0.88,0.88,0.39,0.01,0.5,0.65,0.49,0.0
37464,0.07,0.56,0.82,0.51,0.63,0.67,0.7,0.43,0.0
52472,0.04,0.71,0.15,0.62,0.15,0.09,0.95,0.78,0.0
53206,0.88,0.47,0.26,0.19,0.23,0.53,0.27,0.6,0.0
46815,0.34,0.07,0.18,0.58,0.4,0.34,0.44,0.35,0.0
68037,0.48,0.12,0.12,0.0,0.35,0.24,0.12,0.01,0.0
78420,0.59,0.78,0.55,0.6,0.83,0.47,0.58,0.18,0.0
44343,0.64,0.96,0.08,0.09,0.88,0.33,0.7,0.57,1.0
71854,0.94,0.33,0.42,0.62,0.74,0.15,0.47,0.82,0.0
1561,0.88,0.75,0.75,0.1,0.88,0.3,0.82,0.08,1.0
37649,0.67,0.06,0.5,0.89,0.66,0.36,0.23,0.01,0.0
91011,0.63,0.74,0.38,0.5,0.98,0.11,0.39,0.94,0.0
68239,0.7,0.96,0.97,0.01,0.41,0.82,0.29,0.02,0.0
55040,0.44,0.09,0.23,0.94,0.58,0.88,0.74,0.15,0.0
29753,0.54,0.63,0.57,0.41,0.22,0.51,0.73,0.11,0.0
60051,0.29,0.42,0.09,0.76,0.7,0.61,0.96,0.04,0.0
42717,0.72,0.28,0.54,0.04,0.29,0.92,0.66,0.7,0.0
11404,0.46,0.68,0.7,0.33,0.46,0.46,0.56,0.99,0.0
11215,0.38,0.39,0.26,0.94,0.86,0.24,0.24,0.72,0.0
30775,0.99,0.2,0.7,0.9,0.93,0.39,0.36,0.69,0.0
76185,0.27,0.51,0.27,0.75,0.38,0.52,0.55,0.81,0.0
60548,0.11,0.83,0.8,0.92,0.56,0.3,0.25,0.69,0.0
95154,0.78,0.51,0.6,0.22,0.84,0.35,0.61,0.75,0.0
55706,0.86,0.26,0.32,0.04,0.61,0.52,0.73,0.76,0.0
6789,0.21,0.16,0.27,0.65,0.89,0.2,0.68,0.15,0.0
90554,0.05,0.15,0.29,0.38,0.68,0.56,0.78,0.79,0.0
88716,0.23,0.12,0.77,0.78,0.16,0.55,0.96,0.09,0.0
34917,0.28,0.62,0.03,0.91,0.17,0.97,0.33,0.46,0.0
90366,0.62,0.62,0.37,0.56,0.65,0.76,0.09,0.97,0.0
52661,0.91,0.39,0.6,0.92,0.06,0.96,0.12,0.08,0.0
86363,0.05,0.21,0.34,0.87,0.2,0.1,0.15,0.36,0.0
63710,0.22,0.17,0.93,0.05,0.38,0.4,0.04,0.42,0.0
3540,0.26,0.58,0.87,0.91,0.9,0.67,0.43,0.38,0.0
63692,0.2,0.06,0.02,0.94,0.19,0.48,0.36,0.79,0.0
6970,0.15,0.16,0.05,0.13,0.48,0.65,0.02,0.94,0.0
18096,0.38,0.19,0.23,0.12,0.35,0.56,0.91,0.39,0.0
58281,0.37,0.05,0.56,0.51,0.95,0.38,0.63,0.18,0.0
49844,0.13,0.49,0.28,0.59,0.06,0.16,0.33,0.11,0.0
14701,0.78,0.46,0.75,0.06,0.27,0.15,0.28,0.74,0.0
7558,0.61,0.92,0.03,0.99,0.65,0.22,0.44,0.31,0.0
71492,0.28,0.64,0.97,0.84,0.88,0.54,0.61,0.92,1.0
9776,0.99,0.64,0.13,0.41,0.32,0.55,0.8,0.93,0.0
6887,0.77,0.56,0.45,0.01,0.68,0.88,0.94,0.7,0.0
96400,0.34,0.82,0.4,0.06,0.25,0.95,0.89,0.16,0.0
55889,0.27,0.37,0.67,0.05,0.83,0.65,0.11,0.04,0.0
19590,0.67,0.31,0.25,0.31,0.1,0.39,0.57,0.72,0.0
91321,0.54,0.03,0.13,0.16,0.9,0.24,0.15,0.86,0.0
26312,0.13,0.09,0.99,0.86,0.03,0.34,0.66,0.75,0.0
22742,0.67,0.04,0.85,0.98,0.36,0.61,0.46,0.38,0.0
96882,0.59,0.41,0.86,0.75,0.61,0.13,0.56,0.9,1.0
59256,0.24,0.67,0.58,0.62,0.06,0.42,0.94,0.4,0.0
30413,0.92,0.31,0.34,0.49,0.2,0.26,0.03,0.97,0.0
96915,0.98,0.11,0.05,0.02,0.53,0.06,0.11,0.11,0.0
42067,0.97,0.68,0.72,0.76,0.28,0.16,0.68,0.08,0.0
83211,0.46,0.53,0.33,0.02,0.87,0.27,0.44,0.09,0.0
62606,0.83,0.44,0.08,0.69,0.56,0.32,0.6,0.42,0.0
13207,0.13,0.79,0.45,0.41,0.73,0.94,0.51,0.51,0.0
49059,0.06,0.16,0.33,0.75,0.93,0.11,0.41,0.35,0.0
24271,0.66,0.96,0.23,0.29,0.57,0.15,0.26,0.33,0.0
29155,0.43,0.5,0.72,0.68,0.65,0.06,0.98,0.22,0.0
10970,0.19,0.24,0.35,0.28,0.6,0.59,0.65,0.32,0.0
34692,0.8,0.13,0.44,0.43,0.2,0.18,0.55,0.26,0.0
92424,0.1,0.07,0.59,0.35,0.19,0.74,0.68,0.28,0.0
58004,0.9,0.55,0.06,0.15,0.32,0.19,0.1,0.43,0.0
41372,0.83,0.52,0.87,0.12,0.48,0.09,0.29,0.42,0.0
92342,0.89,0.09,0.24,0.39,0.74,0.78,0.43,0.48,0.0
20871,0.91,0.8,0.81,0.23,0.44,0.32,0.44,0.33,0.0
77628,0.14,0.32,0.96,0.11,0.39,0.23,0.15,0.49,0.0
74425,0.09,0.84,0.34,0.69,0.67,0.62,0.85,0.4,0.0
17348,0.42,0.19,0.41,0.25,0.71,0.89,0.17,0.55,0.0
36050,0.59,0.48,0.22,0.29,0.17,0.28,0.01,0.3,0.0
33735,0.8,0.93,0.25,0.4,0.79,0.93,0.92,0.96,1.0
46375,0.19,0.43,0.71,0.41,0.48,0.16,0.63,0.07,0.0
46685,0.64,0.38,0.38,0.65,0.84,0.33,0.77,0.49,1.0
13396,0.29,0.94,0.48,0.25,0.04,0.36,0.68,0.7,0.0
25656,0.55,0.7,0.65,0.95,0.89,0.77,0.72,0.47,1.0
99917,0.14,0.09,0.62,0.02,0.36,0.34,0.74,0.93,0.0
78335,0.93,0.34,0.0,0.6,0.76,0.25,0.29,0.15,0.0
60801,0.89,0.42,0.65,0.38,0.81,0.67,0.62,0.0,0.0
31464,0.5,0.46,0.89,0.01,0.79,0.92,0.2,0.62,0.0
55425,0.84,0.53,0.05,0.52,0.3,0.1,0.11,0.41,0.0
2415,0.66,0.09,0.91,0.24,0.81,0.06,0.84,0.64,1.0
80357,0.07,0.29,0.71,0.8,0.02,0.83,0.49,0.82,0.0
85704,0.55,0.61,0.06,0.69,0.49,0.9,0.96,0.9,1.0
15358,0.56,0.74,0.99,0.67,0.31,0.66,0.21,0.98,1.0
73094,0.25,0.36,0.36,0.72,0.26,0.93,0.92,0.59,0.0
66601,0.05,0.32,0.15,0.1,0.65,0.58,0.24,0.09,0.0
32775,0.82,0.84,0.73,0.07,0.55,0.46,0.9,0.27,0.0
59135,0.4,0.36,0.37,0.81,0.01,0.86,0.14,0.7,0.0
32549,0.27,0.32,0.8,0.53,0.08,0.29,0.56,0.47,0.0
99523,0.04,0.1,0.07,0.64,0.26,0.19,0.34,0.39,0.0
34446,0.07,0.2,0.45,0.85,0.65,0.77,0.4,0.96,0.0
28572,0.28,0.35,0.36,0.03,0.6,0.7,0.04,0.13,0.0
56904,0.2,0.15,0.68,0.54,0.27,0.05,0.21,0.29,0.0
377,0.64,0.81,0.07,0.37,0.44,0.18,0.74,0.08,0.0
63719,0.28,0.47,0.02,0.67,0.71,0.85,0.0,0.34,0.0
4543,0.12,0.97,0.13,0.75,0.74,0.78,0.94,0.47,1.0
75000,0.47,0.51,0.97,0.62,0.08,0.44,0.48,0.24,0.0
5904,0.8,0.04,0.4,0.26,0.01,0.61,0.81,0.1,0.0
51614,0.58,0.19,0.02,0.53,0.9,0.78,0.02,0.9,0.0
61571,0.18,0.37,0.51,0.91,0.24,0.35,0.12,0.52,0.0
62586,0.81,0.34,0.63,0.24,0.17,0.96,0.34,0.31,0.0
19511,0.97,0.79,0.04,0.91,0.77,0.82,0.58,0.36,0.0
39616,0.79,0.22,0.02,0.21,0.63,0.56,0.58,0.84,0.0
34826,0.18,0.15,0.86,0.73,0.73,0.85,0.95,0.39,1.0
42276,0.58,0.74,0.94,0.01,0.64,0.65,0.4,0.03,0.0
36939,0.55,0.21,0.82,0.47,0.35,0.3,0.23,0.01,0.0
16128,0.21,0.71,0.15,0.59,0.8,0.84,0.31,0.98,0.0
3672,0.55,0.44,0.26,0.92,0.27,0.0,0.39,0.38,0.0
29903,0.48,0.8,0.38,0.07,0.44,0.34,0.61,0.83,0.0
70662,0.51,0.45,0.38,0.68,0.4,0.76,0.77,0.99,0.0
94008,0.14,0.47,0.39,0.75,0.86,0.92,0.92,0.07,1.0
20913,0.62,0.83,0.02,0.09,0.46,0.47,0.58,0.45,0.0
97768,0.79,0.36,0.09,0.09,0.09,0.74,0.02,0.46,0.0
52136,0.64,0.08,0.37,0.79,0.81,0.84,0.01,0.91,1.0
16203,0.77,0.76,0.24,0.06,0.35,0.61,0.95,0.13,0.0
3532,0.96,0.66,0.52,0.58,0.41,0.09,0.62,0.45,0.0
44832,0.49,0.67,0.46,0.71,0.68,0.38,0.82,0.99,0.0
53058,0.92,0.02,0.54,0.07,0.04,0.27,0.47,0.81,0.0
57320,0.29,0.91,0.56,0.74,0.57,0.06,0.32,0.89,0.0
41713,0.78,0.8,0.31,0.05,0.08,0.86,0.59,0.88,0.0
74019,0.23,0.96,0.6,0.11,0.57,0.12,0.51,0.49,0.0
42906,0.95,0.23,0.81,0.29,0.44,0.37,0.72,0.05,0.0
37802,0.05,0.17,0.7,0.81,0.26,0.76,0.49,0.93,0.0
84694,0.21,0.46,0.56,0.01,0.07,0.45,0.55,0.2,0.0
7429,0.66,0.09,0.6,0.11,0.34,0.56,0.53,0.02,0.0
93856,0.14,0.89,0.13,0.24,0.65,0.53,0.75,0.91,0.0
58749,0.4,0.23,0.36,0.86,0.94,0.47,0.83,0.01,0.0
50609,0.74,0.53,0.66,0.48,0.53,0.92,0.32,0.33,0.0
76791,0.01,0.42,0.29,0.1,0.28,0.35,0.69,0.74,0.0
54827,0.91,0.96,0.5,0.48,0.87,0.48,0.54,0.65,0.0
57435,0.31,0.66,0.57,0.5,0.75,0.41,0.81,0.47,0.0
7386,0.71,0.2,0.52,0.73,0.5,0.21,0.19,0.23,0.0
47033,0.56,0.34,0.62,0.94,0.52,0.75,0.34,0.08,0.0
64208,0.61,0.41,0.13,0.36,0.87,0.24,0.02,0.27,0.0
85971,0.57,0.91,0.19,0.12,0.01,0.71,0.61,0.89,0.0
44641,0.43,0.36,0.01,0.92,0.47,0.73,0.87,0.76,0.0
96009,0.41,0.1,0.91,0.75,0.99,0.95,0.53,0.69,1.0
65824,0.24,0.49,0.4,0.81,0.09,0.32,0.42,0.88,0.0
76554,0.25,0.65,0.32,0.39,0.28,0.79,0.87,0.93,0.0
63142,0.68,0.73,0.86,0.23,0.32,0.23,0.92,0.07,0.0
87513,0.02,0.27,0.45,0.78,0.23,0.72,0.06,0.34,0.0
22780,0.03,0.03,0.58,0.17,0.97,0.43,0.33,0.04,0.0
8603,0.75,0.46,0.42,0.95,0.59,0.69,0.0,0.72,0.0
78362,0.99,0.23,0.69,0.59,0.96,0.88,0.31,0.0,0.0
54719,0.59,0.52,0.71,0.97,0.23,0.85,0.76,0.0,0.0
76824,0.25,0.09,0.67,0.41,0.56,0.66,0.07,0.89,0.0
89978,0.14,0.48,0.69,0.52,0.06,0.61,0.71,0.17,0.0
57105,0.87,0.98,0.3,0.8,0.65,0.34,0.12,0.57,0.0
60965,0.43,0.44,0.11,0.43,0.5,0.77,0.81,0.95,0.0
35816,0.75,0.0,0.5,0.16,0.39,0.75,0.02,0.68,0.0
46646,0.42,0.27,0.72,0.35,0.19,0.53,0.55,0.93,0.0
37410,0.71,0.7,0.44,0.43,0.15,0.11,0.87,0.5,0.0
54912,0.39,0.03,0.5,0.62,0.44,0.38,0.03,0.32,0.0
35691,0.42,0.7,0.84,0.05,0.59,0.04,0.48,0.29,0.0
44604,0.4,0.68,0.27,0.63,0.81,0.1,0.68,0.47,0.0
36956,0.81,0.87,0.38,0.15,0.19,0.58,0.05,0.12,0.0
88222,0.14,0.63,0.52,0.09,0.25,0.07,0.8,0.0,0.0
98834,0.26,0.17,0.09,0.0,0.32,0.04,0.23,0.31,0.0
52024,0.58,0.73,0.56,0.7,0.14,0.93,0.68,0.5,1.0
82790,0.19,0.17,0.23,0.87,0.04,0.29,0.45,0.58,0.0
37656,0.48,0.54,0.47,0.83,0.04,0.03,0.08,0.61,0.0
8524,0.75,0.99,0.66,0.74,0.56,0.69,0.65,0.1,1.0
24853,0.76,0.21,0.77,0.61,0.61,0.17,0.99,0.27,0.0
52851,0.36,0.45,0.29,0.47,0.89,0.66,0.02,0.17,0.0
63622,0.25,0.18,0.55,0.09,0.32,0.48,0.57,0.45,0.0
21233,0.6,0.62,0.09,0.3,0.4,0.51,0.62,0.66,0.0
28197,0.97,0.52,0.59,0.27,0.97,0.31,0.75,0.05,0.0
87648,0.25,0.13,0.08,0.85,0.07,0.36,0.08,0.31,0.0
87697,0.3,0.12,0.71,0.27,0.43,0.34,0.2,0.5,0.0
84424,0.95,0.17,0.13,0.92,0.66,0.01,0.24,0.43,0.0
59260,0.99,0.87,0.74,0.23,0.96,0.88,0.03,0.16,1.0
43723,0.28,0.82,0.84,0.79,0.31,0.08,0.03,0.2,0.0
38658,0.52,0.25,0.07,0.79,0.84,0.45,0.0,0.16,0.0
79927,0.82,0.27,0.51,0.49,0.9,0.47,0.1,0.67,0.0
30327,0.8,0.89,0.33,0.9,0.31,0.99,0.06,0.26,1.0
7472,0.22,0.76,0.13,0.56,0.33,0.93,0.18,0.69,0.0
56345,0.46,0.19,0.55,0.97,0.66,0.47,0.24,0.14,0.0
24230,0.21,0.96,0.5,0.29,0.11,0.52,0.77,0.59,0.0
74777,0.05,0.46,0.52,0.98,0.22,0.6,0.72,0.94,0.0
50595,0.52,0.21,0.55,0.16,0.28,0.29,0.17,0.13,0.0
83738,0.37,0.56,0.76,0.39,0.91,0.48,0.26,0.8,0.0
80176,0.61,0.83,0.59,0.41,0.31,0.7,0.23,0.29,0.0
9909,0.08,0.85,0.01,0.05,0.33,0.07,0.73,0.51,0.0
38564,0.19,0.63,0.75,0.97,0.73,0.2,0.1,0.22,0.0
92418,0.5,0.61,0.25,0.29,0.05,0.92,0.5,0.32,0.0
75015,0.26,0.0,0.92,0.21,0.26,0.07,0.78,0.99,0.0
99527,0.1,0.26,0.32,0.74,0.43,0.58,0.3,0.08,0.0
49604,0.69,0.32,0.51,0.99,0.59,0.76,0.66,0.3,0.0
60183,0.39,0.89,0.81,0.35,0.25,0.35,0.93,0.8,0.0
64130,0.46,0.47,0.23,0.7,0.16,0.82,0.77,0.74,0.0
23484,0.35,0.59,0.67,0.01,0.63,0.97,0.49,0.13,0.0
49427,0.76,0.68,0.35,0.83,0.44,0.31,0.38,0.71,0.0
77661,0.83,0.93,0.84,0.46,0.19,0.63,0.64,0.35,1.0
90502,0.88,0.26,0.08,0.2,0.82,0.16,0.19,0.26,0.0
55474,0.87,0.43,0.38,0.8,0.29,0.24,0.32,0.78,0.0
91362,0.15,0.64,0.61,0.81,0.05,0.37,0.74,0.09,0.0
35044,0.05,0.51,0.77,0.87,0.06,0.34,0.81,0.07,0.0
97805,0.71,0.32,0.56,0.24,0.55,0.26,0.18,0.27,0.0
80218,0.74,0.45,0.79,0.61,0.58,0.83,0.62,0.45,0.0
62811,0.08,0.26,0.0,0.56,0.61,0.78,0.37,0.26,0.0
33278,0.88,0.12,0.51,0.94,0.18,0.16,0.65,0.14,0.0
52535,0.68,0.06,0.94,0.29,0.25,0.53,0.83,0.69,0.0
97978,0.43,0.9,0.46,0.11,0.28,0.34,0.43,0.8,0.0
70586,0.81,0.29,0.82,0.57,0.01,0.35,0.32,0.04,0.0
7342,0.1,0.27,0.07,0.68,0.91,0.76,0.94,0.9,1.0
43403,0.4,0.11,0.11,0.05,0.02,0.25,0.34,0.6,0.0
24046,0.25,0.98,0.17,0.62,0.65,0.63,0.75,0.73,0.0
26792,0.11,0.38,0.11,0.8,0.05,0.09,0.02,0.24,0.0
53947,0.02,0.04,0.06,0.68,0.37,0.72,0.24,0.0,0.0
35048,0.48,0.44,0.25,0.34,0.66,0.78,0.4,0.14,0.0
43117,0.35,0.97,0.07,0.02,0.91,0.97,0.39,0.12,0.0
92243,0.56,0.16,0.09,0.9,0.86,0.63,0.52,0.39,0.0
38179,0.44,0.35,0.28,0.31,0.35,0.63,0.57,0.14,0.0
86062,0.87,0.14,0.77,0.75,0.54,0.79,0.78,0.98,1.0
89769,0.4,0.94,0.92,0.73,0.94,0.27,0.07,0.02,1.0
91149,0.62,0.34,0.36,0.87,0.83,0.43,0.75,0.02,1.0
31884,0.6,0.66,0.66,0.21,0.8,0.34,0.22,0.61,0.0
81444,0.02,0.89,0.34,0.59,0.67,0.85,0.95,0.74,0.0
62256,0.32,0.31,0.4,0.35,0.91,0.62,0.18,0.91,0.0
75456,0.64,0.03,0.27,0.43,0.18,0.88,0.42,0.85,0.0
78102,0.95,0.1,0.9,0.75,0.45,0.58,0.81,0.13,1.0
42374,0.38,0.02,0.19,0.97,0.3,0.17,0.62,0.25,0.0
73039,0.93,0.71,0.13,0.83,0.45,0.98,0.63,0.68,0.0
3690,0.42,0.63,0.59,0.45,0.6,0.27,0.47,0.77,0.0
22763,0.06,0.93,0.96,0.95,0.8,0.73,0.05,0.23,1.0
99661,0.42,0.89,0.73,0.46,0.5,0.9,0.04,0.89,0.0
74326,0.61,0.05,0.35,0.13,0.08,0.07,0.29,0.53,0.0
44090,0.69,0.53,0.14,0.04,0.23,0.71,0.42,0.6,0.0
24760,0.6,0.61,0.75,0.02,0.74,0.66,0.36,0.85,1.0
41050,0.13,0.4,0.06,0.59,0.33,0.47,0.73,0.56,0.0
20950,0.57,0.5,0.34,0.35,0.12,0.32,0.88,0.17,0.0
56742,0.64,0.64,0.48,0.79,0.56,0.63,0.56,0.03,0.0
94613,0.16,0.24,0.66,0.12,0.29,0.23,0.36,0.37,0.0
71231,0.03,0.88,0.26,0.94,0.67,0.24,0.66,0.18,0.0
5958,0.36,0.33,0.52,0.06,0.72,0.89,0.4,0.72,0.0
54344,0.95,0.96,0.41,0.03,0.2,0.42,0.57,0.88,0.0
82720,0.76,0.04,0.14,0.8,0.77,0.5,0.13,0.2,0.0
16491,0.65,0.94,0.67,0.44,0.66,0.72,0.56,0.06,0.0
42757,0.18,0.31,0.93,0.78,0.59,0.25,0.79,0.28,0.0
90356,0.06,0.62,0.65,0.76,0.07,0.06,0.73,0.45,0.0
62503,0.65,0.12,0.35,0.63,0.69,0.71,0.23,0.83,0.0
45778,0.51,0.86,0.41,0.78,0.32,0.32,0.73,0.37,0.0
85689,0.48,0.58,0.61,0.94,0.14,0.27,0.99,0.24,0.0
27960,0.26,0.92,0.68,0.3,0.11,0.31,0.06,0.04,0.0
32643,0.24,0.81,0.63,0.36,0.74,0.88,0.85,0.64,0.0
52054,0.09,0.29,0.76,0.14,0.78,0.79,0.3,0.81,0.0
55893,0.12,0.12,0.04,0.49,0.55,0.1,0.21,0.03,0.0
40976,0.68,0.83,0.12,0.14,0.6,0.11,0.99,0.93,0.0
80514,0.42,0.75,0.65,0.73,0.61,0.71,0.94,0.71,0.0
49462,0.82,0.01,0.34,0.64,0.84,0.91,0.25,0.3,0.0
8729,0.45,0.94,0.13,0.1,0.36,0.13,0.29,0.05,0.0
17028,0.63,0.98,0.26,0.77,0.74,0.16,0.14,0.74,1.0
62908,0.24,0.91,0.7,0.28,0.02,0.74,0.64,0.52,0.0
51601,0.56,0.98,0.01,0.98,0.4,0.66,0.01,0.09,0.0
27251,0.14,0.91,0.52,0.66,0.63,0.02,0.94,0.17,0.0
52801,0.83,0.89,0.86,0.44,0.49,0.53,0.2,0.75,0.0
60135,0.58,0.89,0.58,0.49,0.68,0.67,0.71,0.05,0.0
52214,0.06,0.11,0.13,0.76,0.96,0.38,0.85,0.58,0.0
58787,0.61,0.78,0.42,0.53,0.31,0.9,0.13,0.62,0.0
51536,0.24,0.55,0.06,0.1,0.01,0.3,0.58,0.66,0.0
86181,0.78,0.72,0.11,0.76,0.99,0.15,0.98,0.68,1.0
57674,0.44,0.11,0.44,0.01,0.08,0.55,0.75,0.55,0.0
